{
    "ALL":{
        "density":94,
        "population":331002651
    },
    "MS": {
        "density": 63.422797317,
        "population": 2976149
    },
    "MO": {
        "density": 89.277578164,
        "population": 6137428
    },
    "MT": {
        "density": 7.3431452165,
        "population": 1068778
    },
    "NE": {
        "density": 25.18219543,
        "population": 1934408
    },
    "NV": {
        "density": 28.037006365,
        "population": 3080156
    },
    "NH": {
        "density": 151.8653269,
        "population": 1359711
    },
    "NJ": {
        "density": 1207.6722171,
        "population": 8882190
    },
    "NM": {
        "density": 17.284562099,
        "population": 2096829
    },
    "NY": {
        "density": 412.81842864,
        "population": 19453561
    },
    "NC": {
        "density": 215.71420423,
        "population": 10488084
    },
    "ND": {
        "density": 11.045213462,
        "population": 762062
    },
    "OH": {
        "density": 286.08552119,
        "population": 11689100
    },
    "OK": {
        "density": 57.685202577,
        "population": 3956971
    },
    "OR": {
        "density": 43.940251292,
        "population": 4217737
    },
    "PA": {
        "density": 286.13105806,
        "population": 12801989
    },
    "RI": {
        "density": 1024.6267288,
        "population": 1059361
    },
    "SC": {
        "density": 171.26007636,
        "population": 5148714
    },
    "SD": {
        "density": 11.669470806,
        "population": 884659
    },
    "TN": {
        "density": 165.60404231,
        "population": 6829174
    },
    "TX": {
        "density": 110.9834667,
        "population": 28995881
    },
    "VT": {
        "density": 67.693332663,
        "population": 623989
    },
    "UT": {
        "density": 38.918176132,
        "population": 3205958
    },
    "VA": {
        "density": 216.18675868,
        "population": 8535519
    },
    "WA": {
        "density": 114.58700852,
        "population": 7614893
    },
    "WV": {
        "density": 74.545048061,
        "population": 1792147
    },
    "WI": {
        "density": 107.48955424,
        "population": 5822434
    },
    "WY": {
        "density": 5.9611363253,
        "population": 578759
    },
    "PR": {
        "density": 0,
        "population": 3193694
    },
    "AL": {
        "density": 96.811652435,
        "population": 4903185
    },
    "AK": {
        "density": 1.281126592,
        "population": 731545
    },
    "AZ": {
        "density": 64.043251752,
        "population": 7278717
    },
    "AR": {
        "density": 57.992836305,
        "population": 3017804
    },
    "CA": {
        "density": 253.52068818,
        "population": 39512223
    },
    "CO": {
        "density": 55.566142837,
        "population": 5758736
    },
    "DE": {
        "density": 499.74775877,
        "population": 973764
    },
    "DC": {
        "density": 11543.999939,
        "population": 705749
    },
    "CT": {
        "density": 736.22104642,
        "population": 3565287
    },
    "FL": {
        "density": 400.34642766,
        "population": 21477737
    },
    "GA": {
        "density": 183.95873142,
        "population": 10617423
    },
    "ID": {
        "density": 21.623354888,
        "population": 1787065
    },
    "HI": {
        "density": 220.45750094,
        "population": 1415872
    },
    "IL": {
        "density": 228.26467808,
        "population": 12671821
    },
    "IN": {
        "density": 187.91203111,
        "population": 6732219
    },
    "IA": {
        "density": 56.48808963,
        "population": 3155070
    },
    "KS": {
        "density": 35.633173473,
        "population": 2913314
    },
    "KY": {
        "density": 113.13031412,
        "population": 4467673
    },
    "LA": {
        "density": 107.59979292,
        "population": 4648794
    },
    "ME": {
        "density": 43.579859409,
        "population": 1344212
    },
    "MD": {
        "density": 622.55125026,
        "population": 6045680
    },
    "MA": {
        "density": 883.54570363,
        "population": 6892503
    },
    "MI": {
        "density": 176.4277398,
        "population": 9986857
    },
    "MN": {
        "density": 70.826623512,
        "population": 5639632
    }
}