{
    "ALL":{
        "density":94,
        "population":327200000
    },
    "NY":{
        "density":412.81842864,
        "population": 19453561
    },
    "FL":{
        "density": 400.34642766,
        "population": 21477737
    },
    "IL": {
        "density": 228.26467808,
        "population": 12671821
    },
    "CA": {
        "density": 253.52068818,
        "population": 39512223
    },
    "TX": {
        "density": 110.9834667,
        "population": 28995881
    },
    "WY": {
        "density": 5.9611363253,
        "population": 578759
    },
    "VT": {
        "density": 67.693332663,
        "population": 623989
    },
    "ND": {
        "density": 11.045213462,
        "population": 762062
    },
    "SD": {
        "density": 11.669470806,
        "population": 884659
    },
    "AK": {
        "density": 1.281126592,
        "population": 731545
    },
    "MT": {
        "density": 7.3431452165,
        "population": 1068778
    },
    "OR": {
        "density": 43.940251292,
        "population": 4217737
    },
    "CO": {
        "density": 55.566142837,
        "population": 5758736
    },
    "AZ": {
        "density": 64.043251752,
        "population": 7278717
    }

}